date,value
2004-01-02,-0.708
2004-01-09,-0.716
2004-01-16,-0.725
2004-01-23,-0.735
2004-01-30,-0.748
2004-02-06,-0.764
2004-02-13,-0.78
2004-02-20,-0.793
2004-02-27,-0.798
2004-03-05,-0.796
2004-03-12,-0.791
2004-03-19,-0.785
2004-03-26,-0.782
2004-04-02,-0.782
2004-04-09,-0.78
2004-04-16,-0.77
2004-04-23,-0.75
2004-04-30,-0.723
2004-05-07,-0.695
2004-05-14,-0.675
2004-05-21,-0.668
2004-05-28,-0.672
2004-06-04,-0.681
2004-06-11,-0.686
2004-06-18,-0.683
2004-06-25,-0.675
2004-07-02,-0.666
2004-07-09,-0.663
2004-07-16,-0.668
2004-07-23,-0.681
2004-07-30,-0.696
2004-08-06,-0.707
2004-08-13,-0.714
2004-08-20,-0.715
2004-08-27,-0.715
2004-09-03,-0.712
2004-09-10,-0.706
2004-09-17,-0.696
2004-09-24,-0.679
2004-10-01,-0.656
2004-10-08,-0.633
2004-10-15,-0.618
2004-10-22,-0.616
2004-10-29,-0.627
2004-11-05,-0.647
2004-11-12,-0.67
2004-11-19,-0.686
2004-11-26,-0.693
2004-12-03,-0.691
2004-12-10,-0.686
2004-12-17,-0.68
2004-12-24,-0.676
2004-12-31,-0.676
2005-01-07,-0.677
2005-01-14,-0.679
2005-01-21,-0.682
2005-01-28,-0.686
2005-02-04,-0.692
2005-02-11,-0.696
2005-02-18,-0.695
2005-02-25,-0.686
2005-03-04,-0.666
2005-03-11,-0.641
2005-03-18,-0.614
2005-03-25,-0.591
2005-04-01,-0.576
2005-04-08,-0.57
2005-04-15,-0.569
2005-04-22,-0.57
2005-04-29,-0.571
2005-05-06,-0.57
2005-05-13,-0.567
2005-05-20,-0.563
2005-05-27,-0.558
2005-06-03,-0.55
2005-06-10,-0.54
2005-06-17,-0.529
2005-06-24,-0.521
2005-07-01,-0.517
2005-07-08,-0.518
2005-07-15,-0.523
2005-07-22,-0.526
2005-07-29,-0.526
2005-08-05,-0.518
2005-08-12,-0.507
2005-08-19,-0.491
2005-08-26,-0.473
2005-09-02,-0.453
2005-09-09,-0.434
2005-09-16,-0.416
2005-09-23,-0.405
2005-09-30,-0.405
2005-10-07,-0.421
2005-10-14,-0.449
2005-10-21,-0.484
2005-10-28,-0.518
2005-11-04,-0.543
2005-11-11,-0.554
2005-11-18,-0.548
2005-11-25,-0.53
2005-12-02,-0.503
2005-12-09,-0.473
2005-12-16,-0.447
2005-12-23,-0.432
2005-12-30,-0.426
2006-01-06,-0.435
2006-01-13,-0.452
2006-01-20,-0.474
2006-01-27,-0.497
2006-02-03,-0.516
2006-02-10,-0.531
2006-02-17,-0.544
2006-02-24,-0.554
2006-03-03,-0.561
2006-03-10,-0.563
2006-03-17,-0.56
2006-03-24,-0.554
2006-03-31,-0.543
2006-04-07,-0.534
2006-04-14,-0.526
2006-04-21,-0.522
2006-04-28,-0.518
2006-05-05,-0.511
2006-05-12,-0.502
2006-05-19,-0.487
2006-05-26,-0.471
2006-06-02,-0.454
2006-06-09,-0.44
2006-06-16,-0.428
2006-06-23,-0.421
2006-06-30,-0.42
2006-07-07,-0.425
2006-07-14,-0.437
2006-07-21,-0.456
2006-07-28,-0.479
2006-08-04,-0.502
2006-08-11,-0.523
2006-08-18,-0.537
2006-08-25,-0.544
2006-09-01,-0.547
2006-09-08,-0.548
2006-09-15,-0.551
2006-09-22,-0.559
2006-09-29,-0.572
2006-10-06,-0.591
2006-10-13,-0.612
2006-10-20,-0.631
2006-10-27,-0.646
2006-11-03,-0.648
2006-11-10,-0.639
2006-11-17,-0.613
2006-11-24,-0.576
2006-12-01,-0.533
2006-12-08,-0.494
2006-12-15,-0.471
2006-12-22,-0.466
2006-12-29,-0.478
2007-01-05,-0.502
2007-01-12,-0.529
2007-01-19,-0.554
2007-01-26,-0.576
2007-02-02,-0.593
2007-02-09,-0.603
2007-02-16,-0.604
2007-02-23,-0.592
2007-03-02,-0.567
2007-03-09,-0.54
2007-03-16,-0.515
2007-03-23,-0.504
2007-03-30,-0.506
2007-04-06,-0.516
2007-04-13,-0.521
2007-04-20,-0.512
2007-04-27,-0.488
2007-05-04,-0.454
2007-05-11,-0.425
2007-05-18,-0.407
2007-05-25,-0.396
2007-06-01,-0.387
2007-06-08,-0.374
2007-06-15,-0.35
2007-06-22,-0.329
2007-06-29,-0.322
2007-07-06,-0.331
2007-07-13,-0.336
2007-07-20,-0.305
2007-07-27,-0.202
2007-08-03,-0.018
2007-08-10,0.226
2007-08-17,0.487
2007-08-24,0.696
2007-08-31,0.791
2007-09-07,0.786
2007-09-14,0.695
2007-09-21,0.556
2007-09-28,0.432
2007-10-05,0.337
2007-10-12,0.28
2007-10-19,0.264
2007-10-26,0.291
2007-11-02,0.374
2007-11-09,0.527
2007-11-16,0.73
2007-11-23,0.956
2007-11-30,1.147
2007-12-07,1.25
2007-12-14,1.249
2007-12-21,1.163
2007-12-28,1.038
2008-01-04,0.938
2008-01-11,0.882
2008-01-18,0.878
2008-01-25,0.91
2008-02-01,0.938
2008-02-08,0.984
2008-02-15,1.064
2008-02-22,1.199
2008-02-29,1.379
2008-03-07,1.572
2008-03-14,1.712
2008-03-21,1.757
2008-03-28,1.688
2008-04-04,1.549
2008-04-11,1.393
2008-04-18,1.265
2008-04-25,1.17
2008-05-02,1.097
2008-05-09,1.027
2008-05-16,0.946
2008-05-23,0.88
2008-05-30,0.865
2008-06-06,0.932
2008-06-13,1.053
2008-06-20,1.199
2008-06-27,1.317
2008-07-04,1.357
2008-07-11,1.324
2008-07-18,1.261
2008-07-25,1.197
2008-08-01,1.166
2008-08-08,1.164
2008-08-15,1.164
2008-08-22,1.179
2008-08-29,1.229
2008-09-05,1.37
2008-09-12,1.655
2008-09-19,2.119
2008-09-26,2.623
2008-10-03,3.098
2008-10-10,3.432
2008-10-17,3.558
2008-10-24,3.528
2008-10-31,3.491
2008-11-07,3.515
2008-11-14,3.661
2008-11-21,3.897
2008-11-28,4.064
2008-12-05,4.116
2008-12-12,3.995
2008-12-19,3.735
2008-12-26,3.442
2009-01-02,3.221
2009-01-09,3.069
2009-01-16,2.984
2009-01-23,2.922
2009-01-30,2.849
2009-02-06,2.782
2009-02-13,2.763
2009-02-20,2.807
2009-02-27,2.9
2009-03-06,2.994
2009-03-13,3.003
2009-03-20,2.911
2009-03-27,2.726
2009-04-03,2.5
2009-04-10,2.284
2009-04-17,2.115
2009-04-24,1.984
2009-05-01,1.855
2009-05-08,1.708
2009-05-15,1.549
2009-05-22,1.393
2009-05-29,1.288
2009-06-05,1.241
2009-06-12,1.248
2009-06-19,1.276
2009-06-26,1.273
2009-07-03,1.216
2009-07-10,1.106
2009-07-17,0.963
2009-07-24,0.826
2009-07-31,0.723
2009-08-07,0.662
2009-08-14,0.629
2009-08-21,0.602
2009-08-28,0.561
2009-09-04,0.508
2009-09-11,0.448
2009-09-18,0.397
2009-09-25,0.365
2009-10-02,0.357
2009-10-09,0.353
2009-10-16,0.344
2009-10-23,0.324
2009-10-30,0.298
2009-11-06,0.269
2009-11-13,0.245
2009-11-20,0.229
2009-11-27,0.213
2009-12-04,0.185
2009-12-11,0.136
2009-12-18,0.072
2009-12-25,0.003
2010-01-01,-0.051
2010-01-08,-0.082
2010-01-15,-0.082
2010-01-22,-0.058
2010-01-29,-0.034
2010-02-05,-0.025
2010-02-12,-0.037
2010-02-19,-0.075
2010-02-26,-0.124
2010-03-05,-0.175
2010-03-12,-0.223
2010-03-19,-0.267
2010-03-26,-0.314
2010-04-02,-0.36
2010-04-09,-0.395
2010-04-16,-0.401
2010-04-23,-0.364
2010-04-30,-0.281
2010-05-07,-0.163
2010-05-14,-0.045
2010-05-21,0.058
2010-05-28,0.121
2010-06-04,0.142
2010-06-11,0.138
2010-06-18,0.111
2010-06-25,0.076
2010-07-02,0.036
2010-07-09,-0.017
2010-07-16,-0.074
2010-07-23,-0.125
2010-07-30,-0.16
2010-08-06,-0.171
2010-08-13,-0.161
2010-08-20,-0.144
2010-08-27,-0.136
2010-09-03,-0.146
2010-09-10,-0.175
2010-09-17,-0.211
2010-09-24,-0.243
2010-10-01,-0.27
2010-10-08,-0.292
2010-10-15,-0.315
2010-10-22,-0.339
2010-10-29,-0.364
2010-11-05,-0.381
2010-11-12,-0.386
2010-11-19,-0.383
2010-11-26,-0.379
2010-12-03,-0.387
2010-12-10,-0.413
2010-12-17,-0.449
2010-12-24,-0.487
2010-12-31,-0.517
2011-01-07,-0.537
2011-01-14,-0.551
2011-01-21,-0.57
2011-01-28,-0.595
2011-02-04,-0.62
2011-02-11,-0.635
2011-02-18,-0.624
2011-02-25,-0.589
2011-03-04,-0.544
2011-03-11,-0.505
2011-03-18,-0.486
2011-03-25,-0.499
2011-04-01,-0.528
2011-04-08,-0.56
2011-04-15,-0.58
2011-04-22,-0.584
2011-04-29,-0.582
2011-05-06,-0.582
2011-05-13,-0.586
2011-05-20,-0.593
2011-05-27,-0.591
2011-06-03,-0.573
2011-06-10,-0.542
2011-06-17,-0.513
2011-06-24,-0.5
2011-07-01,-0.508
2011-07-08,-0.521
2011-07-15,-0.517
2011-07-22,-0.477
2011-07-29,-0.396
2011-08-05,-0.282
2011-08-12,-0.166
2011-08-19,-0.078
2011-08-26,-0.016
2011-09-02,0.02
2011-09-09,0.052
2011-09-16,0.082
2011-09-23,0.111
2011-09-30,0.121
2011-10-07,0.101
2011-10-14,0.051
2011-10-21,-0.001
2011-10-28,-0.038
2011-11-04,-0.038
2011-11-11,-0.007
2011-11-18,0.037
2011-11-25,0.073
2011-12-02,0.079
2011-12-09,0.064
2011-12-16,0.04
2011-12-23,0.011
2011-12-30,-0.021
2012-01-06,-0.061
2012-01-13,-0.115
2012-01-20,-0.181
2012-01-27,-0.246
2012-02-03,-0.293
2012-02-10,-0.319
2012-02-17,-0.325
2012-02-24,-0.329
2012-03-02,-0.343
2012-03-09,-0.366
2012-03-16,-0.396
2012-03-23,-0.415
2012-03-30,-0.414
2012-04-06,-0.398
2012-04-13,-0.373
2012-04-20,-0.352
2012-04-27,-0.333
2012-05-04,-0.311
2012-05-11,-0.277
2012-05-18,-0.229
2012-05-25,-0.18
2012-06-01,-0.141
2012-06-08,-0.127
2012-06-15,-0.142
2012-06-22,-0.178
2012-06-29,-0.217
2012-07-06,-0.251
2012-07-13,-0.272
2012-07-20,-0.287
2012-07-27,-0.301
2012-08-03,-0.323
2012-08-10,-0.351
2012-08-17,-0.38
2012-08-24,-0.406
2012-08-31,-0.427
2012-09-07,-0.446
2012-09-14,-0.469
2012-09-21,-0.497
2012-09-28,-0.525
2012-10-05,-0.552
2012-10-12,-0.569
2012-10-19,-0.574
2012-10-26,-0.566
2012-11-02,-0.556
2012-11-09,-0.548
2012-11-16,-0.546
2012-11-23,-0.552
2012-11-30,-0.559
2012-12-07,-0.566
2012-12-14,-0.573
2012-12-21,-0.58
2012-12-28,-0.59
2013-01-04,-0.606
2013-01-11,-0.623
2013-01-18,-0.634
2013-01-25,-0.64
2013-02-01,-0.638
2013-02-08,-0.634
2013-02-15,-0.638
2013-02-22,-0.649
2013-03-01,-0.667
2013-03-08,-0.692
2013-03-15,-0.713
2013-03-22,-0.728
2013-03-29,-0.738
2013-04-05,-0.747
2013-04-12,-0.758
2013-04-19,-0.771
2013-04-26,-0.788
2013-05-03,-0.804
2013-05-10,-0.814
2013-05-17,-0.811
2013-05-24,-0.794
2013-05-31,-0.764
2013-06-07,-0.724
2013-06-14,-0.683
2013-06-21,-0.652
2013-06-28,-0.639
2013-07-05,-0.644
2013-07-12,-0.665
2013-07-19,-0.695
2013-07-26,-0.721
2013-08-02,-0.736
2013-08-09,-0.74
2013-08-16,-0.734
2013-08-23,-0.725
2013-08-30,-0.719
2013-09-06,-0.72
2013-09-13,-0.726
2013-09-20,-0.733
2013-09-27,-0.739
2013-10-04,-0.743
2013-10-11,-0.751
2013-10-18,-0.764
2013-10-25,-0.783
2013-11-01,-0.804
2013-11-08,-0.824
2013-11-15,-0.837
2013-11-22,-0.844
2013-11-29,-0.847
2013-12-06,-0.852
2013-12-13,-0.862
2013-12-20,-0.876
2013-12-27,-0.889
2014-01-03,-0.894
2014-01-10,-0.89
2014-01-17,-0.877
2014-01-24,-0.862
2014-01-31,-0.854
2014-02-07,-0.857
2014-02-14,-0.867
2014-02-21,-0.878
2014-02-28,-0.883
2014-03-07,-0.876
2014-03-14,-0.861
2014-03-21,-0.845
2014-03-28,-0.83
2014-04-04,-0.823
2014-04-11,-0.818
2014-04-18,-0.813
2014-04-25,-0.806
2014-05-02,-0.799
2014-05-09,-0.794
2014-05-16,-0.796
2014-05-23,-0.808
2014-05-30,-0.825
2014-06-06,-0.839
2014-06-13,-0.847
2014-06-20,-0.846
2014-06-27,-0.835
2014-07-04,-0.819
2014-07-11,-0.802
2014-07-18,-0.787
2014-07-25,-0.775
2014-08-01,-0.766
2014-08-08,-0.765
2014-08-15,-0.77
2014-08-22,-0.779
2014-08-29,-0.786
2014-09-05,-0.791
2014-09-12,-0.786
2014-09-19,-0.771
2014-09-26,-0.749
2014-10-03,-0.727
2014-10-10,-0.712
2014-10-17,-0.705
2014-10-24,-0.712
2014-10-31,-0.727
2014-11-07,-0.742
2014-11-14,-0.75
2014-11-21,-0.746
2014-11-28,-0.732
2014-12-05,-0.71
2014-12-12,-0.682
2014-12-19,-0.656
2014-12-26,-0.634
2015-01-02,-0.612
2015-01-09,-0.591
2015-01-16,-0.57
2015-01-23,-0.553
2015-01-30,-0.542
2015-02-06,-0.54
2015-02-13,-0.546
2015-02-20,-0.556
2015-02-27,-0.565
2015-03-06,-0.567
2015-03-13,-0.565
2015-03-20,-0.562
2015-03-27,-0.56
2015-04-03,-0.562
2015-04-10,-0.567
2015-04-17,-0.568
2015-04-24,-0.568
2015-05-01,-0.561
2015-05-08,-0.553
2015-05-15,-0.55
2015-05-22,-0.552
2015-05-29,-0.557
2015-06-05,-0.563
2015-06-12,-0.564
2015-06-19,-0.556
2015-06-26,-0.546
2015-07-03,-0.533
2015-07-10,-0.524
2015-07-17,-0.523
2015-07-24,-0.52
2015-07-31,-0.512
2015-08-07,-0.496
2015-08-14,-0.471
2015-08-21,-0.441
2015-08-28,-0.415
2015-09-04,-0.398
2015-09-11,-0.393
2015-09-18,-0.397
2015-09-25,-0.407
2015-10-02,-0.418
2015-10-09,-0.433
2015-10-16,-0.446
2015-10-23,-0.458
2015-10-30,-0.469
2015-11-06,-0.476
2015-11-13,-0.474
2015-11-20,-0.462
2015-11-27,-0.439
2015-12-04,-0.407
2015-12-11,-0.369
2015-12-18,-0.335
2015-12-25,-0.309
2016-01-01,-0.294
2016-01-08,-0.287
2016-01-15,-0.282
2016-01-22,-0.277
2016-01-29,-0.268
2016-02-05,-0.258
2016-02-12,-0.252
2016-02-19,-0.259
2016-02-26,-0.274
2016-03-04,-0.294
2016-03-11,-0.313
2016-03-18,-0.324
2016-03-25,-0.324
2016-04-01,-0.318
2016-04-08,-0.307
2016-04-15,-0.299
2016-04-22,-0.296
2016-04-29,-0.295
2016-05-06,-0.295
2016-05-13,-0.294
2016-05-20,-0.289
2016-05-27,-0.282
2016-06-03,-0.271
2016-06-10,-0.26
2016-06-17,-0.247
2016-06-24,-0.238
2016-07-01,-0.23
2016-07-08,-0.23
2016-07-15,-0.235
2016-07-22,-0.241
2016-07-29,-0.247
2016-08-05,-0.248
2016-08-12,-0.242
2016-08-19,-0.229
2016-08-26,-0.211
2016-09-02,-0.191
2016-09-09,-0.176
2016-09-16,-0.167
2016-09-23,-0.164
2016-09-30,-0.17
2016-10-07,-0.182
2016-10-14,-0.199
2016-10-21,-0.222
2016-10-28,-0.252
2016-11-04,-0.286
2016-11-11,-0.322
2016-11-18,-0.353
2016-11-25,-0.374
2016-12-02,-0.386
2016-12-09,-0.389
2016-12-16,-0.387
2016-12-23,-0.384
2016-12-30,-0.383
2017-01-06,-0.383
2017-01-13,-0.384
2017-01-20,-0.385
2017-01-27,-0.385
2017-02-03,-0.387
2017-02-10,-0.392
2017-02-17,-0.399
2017-02-24,-0.406
2017-03-03,-0.414
2017-03-10,-0.417
2017-03-17,-0.418
2017-03-24,-0.418
2017-03-31,-0.42
2017-04-07,-0.424
2017-04-14,-0.43
2017-04-21,-0.437
2017-04-28,-0.445
2017-05-05,-0.453
2017-05-12,-0.464
2017-05-19,-0.475
2017-05-26,-0.488
2017-06-02,-0.498
2017-06-09,-0.504
2017-06-16,-0.508
2017-06-23,-0.511
2017-06-30,-0.518
2017-07-07,-0.531
2017-07-14,-0.546
2017-07-21,-0.559
2017-07-28,-0.562
2017-08-04,-0.553
2017-08-11,-0.535
2017-08-18,-0.514
2017-08-25,-0.496
2017-09-01,-0.485
2017-09-08,-0.482
2017-09-15,-0.486
2017-09-22,-0.494
2017-09-29,-0.503
2017-10-06,-0.514
2017-10-13,-0.526
2017-10-20,-0.54
2017-10-27,-0.553
2017-11-03,-0.566
2017-11-10,-0.576
2017-11-17,-0.58
2017-11-24,-0.579
2017-12-01,-0.577
2017-12-08,-0.575
2017-12-15,-0.577
2017-12-22,-0.584
2017-12-29,-0.595
2018-01-05,-0.606
2018-01-12,-0.61
2018-01-19,-0.604
2018-01-26,-0.59
2018-02-02,-0.569
2018-02-09,-0.547
2018-02-16,-0.529
2018-02-23,-0.515
2018-03-02,-0.501
2018-03-09,-0.485
2018-03-16,-0.467
2018-03-23,-0.449
2018-03-30,-0.439
2018-04-06,-0.438
2018-04-13,-0.45
2018-04-20,-0.472
2018-04-27,-0.493
2018-05-04,-0.511
2018-05-11,-0.523
2018-05-18,-0.529
2018-05-25,-0.527
2018-06-01,-0.522
2018-06-08,-0.515
2018-06-15,-0.507
2018-06-22,-0.499
2018-06-29,-0.495
2018-07-06,-0.498
2018-07-13,-0.509
2018-07-20,-0.526
2018-07-27,-0.547
2018-08-03,-0.564
2018-08-10,-0.577
2018-08-17,-0.583
2018-08-24,-0.586
2018-08-31,-0.59
2018-09-07,-0.597
2018-09-14,-0.605
2018-09-21,-0.611
2018-09-28,-0.609
2018-10-05,-0.6
2018-10-12,-0.584
2018-10-19,-0.569
2018-10-26,-0.557
2018-11-02,-0.549
2018-11-09,-0.543
2018-11-16,-0.529
2018-11-23,-0.505
2018-11-30,-0.472
2018-12-07,-0.438
2018-12-14,-0.414
2018-12-21,-0.405
2018-12-28,-0.415
2019-01-04,-0.437
2019-01-11,-0.462
2019-01-18,-0.486
2019-01-25,-0.507
2019-02-01,-0.529
2019-02-08,-0.552
2019-02-15,-0.579
2019-02-22,-0.603
2019-03-01,-0.619
2019-03-08,-0.626
2019-03-15,-0.625
2019-03-22,-0.623
2019-03-29,-0.624
2019-04-05,-0.632
2019-04-12,-0.645
2019-04-19,-0.656
2019-04-26,-0.66
2019-05-03,-0.657
2019-05-10,-0.647
2019-05-17,-0.636
2019-05-24,-0.628
2019-05-31,-0.623
2019-06-07,-0.62
2019-06-14,-0.616
2019-06-21,-0.612
2019-06-28,-0.608
2019-07-05,-0.608
2019-07-12,-0.61
2019-07-19,-0.612
2019-07-26,-0.608
2019-08-02,-0.595
2019-08-09,-0.574
2019-08-16,-0.55
2019-08-23,-0.533
2019-08-30,-0.526
2019-09-06,-0.532
2019-09-13,-0.54
2019-09-20,-0.545
2019-09-27,-0.542
2019-10-04,-0.532
2019-10-11,-0.525
2019-10-18,-0.528
2019-10-25,-0.546
2019-11-01,-0.572
2019-11-08,-0.595
2019-11-15,-0.604
2019-11-22,-0.593
2019-11-29,-0.568
2019-12-06,-0.541
2019-12-13,-0.529
2019-12-20,-0.532
2019-12-27,-0.548
2020-01-03,-0.566
2020-01-10,-0.579
2020-01-17,-0.589
2020-01-24,-0.603
2020-01-31,-0.627
2020-02-07,-0.654
2020-02-14,-0.653
2020-02-21,-0.588
2020-02-28,-0.436
2020-03-06,-0.212
2020-03-13,0.048
2020-03-20,0.283
2020-03-27,0.426
2020-04-03,0.467
2020-04-10,0.417
2020-04-17,0.315
2020-04-24,0.205
2020-05-01,0.097
2020-05-08,-0.005
2020-05-15,-0.105
2020-05-22,-0.214
2020-05-29,-0.321
2020-06-05,-0.407
2020-06-12,-0.453
2020-06-19,-0.465
2020-06-26,-0.457
2020-07-03,-0.45
2020-07-10,-0.46
2020-07-17,-0.484
2020-07-24,-0.513
2020-07-31,-0.531
2020-08-07,-0.532
2020-08-14,-0.529
2020-08-21,-0.534
2020-08-28,-0.555
2020-09-04,-0.594
2020-09-11,-0.629
2020-09-18,-0.648
2020-09-25,-0.636
2020-10-02,-0.6
2020-10-09,-0.552
2020-10-16,-0.515
2020-10-23,-0.496
2020-10-30,-0.495
2020-11-06,-0.507
2020-11-13,-0.521
2020-11-20,-0.528
2020-11-27,-0.528
2020-12-04,-0.529
2020-12-11,-0.533
2020-12-18,-0.541
2020-12-25,-0.549
2021-01-01,-0.554
2021-01-08,-0.555
2021-01-15,-0.555
2021-01-22,-0.56
2021-01-29,-0.571
2021-02-05,-0.592
2021-02-12,-0.613
2021-02-19,-0.628
2021-02-26,-0.633
2021-03-05,-0.632
2021-03-12,-0.627
2021-03-19,-0.624
2021-03-26,-0.628
2021-04-02,-0.637
2021-04-09,-0.645
2021-04-16,-0.649
2021-04-23,-0.646
2021-04-30,-0.64
2021-05-07,-0.637
2021-05-14,-0.637
2021-05-21,-0.646
2021-05-28,-0.659
2021-06-04,-0.672
2021-06-11,-0.68
2021-06-18,-0.682
2021-06-25,-0.684
2021-07-02,-0.685
2021-07-09,-0.689
2021-07-16,-0.692
2021-07-23,-0.691
2021-07-30,-0.686
2021-08-06,-0.679
2021-08-13,-0.674
2021-08-20,-0.677
2021-08-27,-0.689
2021-09-03,-0.707
2021-09-10,-0.721
2021-09-17,-0.728
2021-09-24,-0.724
2021-10-01,-0.712
2021-10-08,-0.697
2021-10-15,-0.685
2021-10-22,-0.674
2021-10-29,-0.66
2021-11-05,-0.636
2021-11-12,-0.602
2021-11-19,-0.563
2021-11-26,-0.528
2021-12-03,-0.507
2021-12-10,-0.507
2021-12-17,-0.522
2021-12-24,-0.541
2021-12-31,-0.557
2022-01-07,-0.563
2022-01-14,-0.56
2022-01-21,-0.553
2022-01-28,-0.545
2022-02-04,-0.533
2022-02-11,-0.508
2022-02-18,-0.464
2022-02-25,-0.405
2022-03-04,-0.343
2022-03-11,-0.297
2022-03-18,-0.282
2022-03-25,-0.294
2022-04-01,-0.318
2022-04-08,-0.334
2022-04-15,-0.322
2022-04-22,-0.285
2022-04-29,-0.233
2022-05-06,-0.188
2022-05-13,-0.161
2022-05-20,-0.151
2022-05-27,-0.143
2022-06-03,-0.122
2022-06-10,-0.084
2022-06-17,-0.038
2022-06-24,-0.007
2022-07-01,-0.007
2022-07-08,-0.042
2022-07-15,-0.099
2022-07-22,-0.158
2022-07-29,-0.199
2022-08-05,-0.216
2022-08-12,-0.216
2022-08-19,-0.209
2022-08-26,-0.201
2022-09-02,-0.191
2022-09-09,-0.175
2022-09-16,-0.143
2022-09-23,-0.098
2022-09-30,-0.053
2022-10-07,-0.022
2022-10-14,-0.018
2022-10-21,-0.041
2022-10-28,-0.08
2022-11-04,-0.121
2022-11-11,-0.151
2022-11-18,-0.164
2022-11-25,-0.164
2022-12-02,-0.161
2022-12-09,-0.164
2022-12-16,-0.177
2022-12-23,-0.198
2022-12-30,-0.225
2023-01-06,-0.25
2023-01-13,-0.273
2023-01-20,-0.291
2023-01-27,-0.309
2023-02-03,-0.323
2023-02-10,-0.327
2023-02-17,-0.313
2023-02-24,-0.275
2023-03-03,-0.221
2023-03-10,-0.163
2023-03-17,-0.115
2023-03-24,-0.096
2023-03-31,-0.112
2023-04-07,-0.146
2023-04-14,-0.19
2023-04-21,-0.226
2023-04-28,-0.248
2023-05-05,-0.257
2023-05-12,-0.261
2023-05-19,-0.263
2023-05-26,-0.265
2023-06-02,-0.267
2023-06-09,-0.262
2023-06-16,-0.255
2023-06-23,-0.25
2023-06-30,-0.249
2023-07-07,-0.257
2023-07-14,-0.273
2023-07-21,-0.291
2023-07-28,-0.305
2023-08-04,-0.312
2023-08-11,-0.312
2023-08-18,-0.308
2023-08-25,-0.303
2023-09-01,-0.3
2023-09-08,-0.297
2023-09-15,-0.293
2023-09-22,-0.285
2023-09-29,-0.271
2023-10-06,-0.259
2023-10-13,-0.251
2023-10-20,-0.25
2023-10-27,-0.261
2023-11-03,-0.281
2023-11-10,-0.303
2023-11-17,-0.324
2023-11-24,-0.339
2023-12-01,-0.349
2023-12-08,-0.356
2023-12-15,-0.363
2023-12-22,-0.374
2023-12-29,-0.387
2024-01-05,-0.402
2024-01-12,-0.414
2024-01-19,-0.422
2024-01-26,-0.427
2024-02-02,-0.43
2024-02-09,-0.433
2024-02-16,-0.441
2024-02-23,-0.453
2024-03-01,-0.467
2024-03-08,-0.481
2024-03-15,-0.491
2024-03-22,-0.495
2024-03-29,-0.492
2024-04-05,-0.484
2024-04-12,-0.475
2024-04-19,-0.468
2024-04-26,-0.467
2024-05-03,-0.471
2024-05-10,-0.477
2024-05-17,-0.479
2024-05-24,-0.474
2024-05-31,-0.462
2024-06-07,-0.444
2024-06-14,-0.426
2024-06-21,-0.412
2024-06-28,-0.402
