Date,STLFSI4
2004-10-01,-0.6167
2004-10-08,-0.6017
2004-10-15,-0.449
2004-10-22,-0.4975
2004-10-29,-0.6688
2004-11-05,-0.8046
2004-11-12,-0.8371
2004-11-19,-0.7701
2004-11-26,-0.8319
2004-12-03,-0.7121
2004-12-10,-0.715
2004-12-17,-0.9067
2004-12-24,-0.8392
2004-12-31,-0.8359
2005-01-07,-0.731
2005-01-14,-0.7045
2005-01-21,-0.717
2005-01-28,-0.7872
2005-02-04,-0.8861
2005-02-11,-0.8508
2005-02-18,-0.948
2005-02-25,-0.959
2005-03-04,-0.9329
2005-03-11,-0.9495
2005-03-18,-0.7847
2005-03-25,-0.7309
2005-04-01,-0.7104
2005-04-08,-0.7303
2005-04-15,-0.6823
2005-04-22,-0.6123
2005-04-29,-0.754
2005-05-06,-0.7639
2005-05-13,-0.6062
2005-05-20,-0.5148
2005-05-27,-0.7998
2005-06-03,-0.7059
2005-06-10,-0.6933
2005-06-17,-0.785
2005-06-24,-0.6799
2005-07-01,-0.7931
2005-07-08,-0.7277
2005-07-15,-0.8955
2005-07-22,-0.8421
2005-07-29,-0.9324
2005-08-05,-0.9147
2005-08-12,-0.884
2005-08-19,-0.8135
2005-08-26,-0.8186
2005-09-02,-0.6487
2005-09-09,-0.8334
2005-09-16,-0.8404
2005-09-23,-0.7842
2005-09-30,-0.8439
2005-10-07,-0.7064
2005-10-14,-0.5713
2005-10-21,-0.832
2005-10-28,-0.8668
2005-11-04,-0.9029
2005-11-11,-0.8363
2005-11-18,-0.7289
2005-11-25,-0.7786
2005-12-02,-0.7157
2005-12-09,-0.7083
2005-12-16,-0.7292
2005-12-23,-0.6938
2005-12-30,-0.6538
2006-01-06,-0.8471
2006-01-13,-0.9938
2006-01-20,-0.8306
2006-01-27,-0.996
2006-02-03,-1.0555
2006-02-10,-0.931
2006-02-17,-1.0301
2006-02-24,-1.1158
2006-03-03,-1.0756
2006-03-10,-0.9616
2006-03-17,-1.0193
2006-03-24,-1.0563
2006-03-31,-1.0437
2006-04-07,-1.0195
2006-04-14,-0.9503
2006-04-21,-1.0392
2006-04-28,-1.0971
2006-05-05,-1.1039
2006-05-12,-1.1128
2006-05-19,-0.8837
2006-05-26,-0.7906
2006-06-02,-0.9205
2006-06-09,-0.8005
2006-06-16,-0.7292
2006-06-23,-0.8001
2006-06-30,-0.8557
2006-07-07,-0.9869
2006-07-14,-0.7878
2006-07-21,-0.7823
2006-07-28,-0.9343
2006-08-04,-0.8959
2006-08-11,-0.923
2006-08-18,-1.0279
2006-08-25,-0.9826
2006-09-01,-0.9483
2006-09-08,-0.9096
2006-09-15,-0.9419
2006-09-22,-0.8297
2006-09-29,-0.8035
2006-10-06,-0.8448
2006-10-13,-1.0202
2006-10-20,-0.9683
2006-10-27,-1.0061
2006-11-03,-0.893
2006-11-10,-1.0062
2006-11-17,-0.9993
2006-11-24,-0.9273
2006-12-01,-0.8002
2006-12-08,-0.9157
2006-12-15,-0.9868
2006-12-22,-0.9311
2006-12-29,-0.9644
2007-01-05,-0.8822
2007-01-12,-0.9886
2007-01-19,-1.0938
2007-01-26,-1.1294
2007-02-02,-1.0898
2007-02-09,-1.0947
2007-02-16,-1.1082
2007-02-23,-1.1325
2007-03-02,-0.6941
2007-03-09,-0.788
2007-03-16,-0.8453
2007-03-23,-1.0143
2007-03-30,-0.9508
2007-04-06,-0.9523
2007-04-13,-1.0234
2007-04-20,-1.0364
2007-04-27,-1.0094
2007-05-04,-0.9137
2007-05-11,-0.9646
2007-05-18,-0.9285
2007-05-25,-0.9713
2007-06-01,-0.9206
2007-06-08,-0.7971
2007-06-15,-0.717
2007-06-22,-0.6858
2007-06-29,-0.5581
2007-07-06,-0.7769
2007-07-13,-0.6895
2007-07-20,-0.6828
2007-07-27,-0.1442
2007-08-03,-0.0079
2007-08-10,0.1437
2007-08-17,1.2267
2007-08-24,1.2952
2007-08-31,1.007
2007-09-07,1.483
2007-09-14,1.5815
2007-09-21,0.719
2007-09-28,0.7074
2007-10-05,0.6333
2007-10-12,0.3635
2007-10-19,0.7314
2007-10-26,0.7963
2007-11-02,0.4758
2007-11-09,1.1512
2007-11-16,1.1728
2007-11-23,1.9276
2007-11-30,2.0795
2007-12-07,1.9637
2007-12-14,1.9365
2007-12-21,1.7894
2007-12-28,1.3304
2008-01-04,1.6177
2008-01-11,1.3002
2008-01-18,0.976
2008-01-25,1.6297
2008-02-01,0.9782
2008-02-08,1.5138
2008-02-15,1.3022
2008-02-22,1.1555
2008-02-29,1.4391
2008-03-07,2.4636
2008-03-14,2.0435
2008-03-21,2.3805
2008-03-28,1.6894
2008-04-04,1.7388
2008-04-11,1.8922
2008-04-18,1.9219
2008-04-25,1.7085
2008-05-02,1.3798
2008-05-09,1.2611
2008-05-16,1.0318
2008-05-23,0.9443
2008-05-30,0.9784
2008-06-06,1.3218
2008-06-13,1.2459
2008-06-20,1.2856
2008-06-27,1.7502
2008-07-04,1.8457
2008-07-11,1.7991
2008-07-18,1.771
2008-07-25,1.206
2008-08-01,1.6669
2008-08-08,1.5547
2008-08-15,1.5363
2008-08-22,1.7854
2008-08-29,1.5604
2008-09-05,1.8305
2008-09-12,1.9882
2008-09-19,4.1469
2008-09-26,4.5923
2008-10-03,7.2784
2008-10-10,9.6639
2008-10-17,9.6097
2008-10-24,8.1041
2008-10-31,7.7857
2008-11-07,6.2385
2008-11-14,6.0225
2008-11-21,7.724
2008-11-28,6.8837
2008-12-05,6.9707
2008-12-12,6.5778
2008-12-19,5.9852
2008-12-26,4.8106
2009-01-02,4.9454
2009-01-09,3.7481
2009-01-16,3.8276
2009-01-23,4.343
2009-01-30,4.0589
2009-02-06,3.5981
2009-02-13,3.6072
2009-02-20,4.1896
2009-02-27,4.1825
2009-03-06,4.7977
2009-03-13,3.9569
2009-03-20,3.352
2009-03-27,3.2255
2009-04-03,3.0393
2009-04-10,2.8164
2009-04-17,2.5948
2009-04-24,2.8489
2009-05-01,2.3432
2009-05-08,1.582
2009-05-15,2.0524
2009-05-22,1.5862
2009-05-29,1.3772
2009-06-05,1.2199
2009-06-12,1.0199
2009-06-19,1.5978
2009-06-26,1.656
2009-07-03,1.2144
2009-07-10,1.4729
2009-07-17,1.0135
2009-07-24,0.7837
2009-07-31,0.525
2009-08-07,0.1701
2009-08-14,0.7979
2009-08-21,0.9691
2009-08-28,0.5451
2009-09-04,0.7095
2009-09-11,0.363
2009-09-18,0.0392
2009-09-25,0.1769
2009-10-02,0.4235
2009-10-09,0.2877
2009-10-16,0.1411
2009-10-23,0.198
2009-10-30,0.4251
2009-11-06,0.3935
2009-11-13,0.0349
2009-11-20,0.1584
2009-11-27,0.1577
2009-12-04,0.0632
2009-12-11,0.0017
2009-12-18,-0.1483
2009-12-25,-0.24
2010-01-01,-0.2162
2010-01-08,-0.399
2010-01-15,-0.3594
2010-01-22,-0.0836
2010-01-29,0.0519
2010-02-05,-0.0566
2010-02-12,0.1102
2010-02-19,-0.2181
2010-02-26,-0.2314
2010-03-05,-0.272
2010-03-12,-0.5656
2010-03-19,-0.4365
2010-03-26,-0.4012
2010-04-02,-0.3585
2010-04-09,-0.4732
2010-04-16,-0.4557
2010-04-23,-0.4228
2010-04-30,-0.1963
2010-05-07,0.4134
2010-05-14,0.3492
2010-05-21,0.9779
2010-05-28,1.0223
2010-06-04,0.817
2010-06-11,0.9698
2010-06-18,0.5016
2010-06-25,0.5838
2010-07-02,0.9389
2010-07-09,0.5603
2010-07-16,0.353
2010-07-23,0.5007
2010-07-30,0.1694
2010-08-06,0.1972
2010-08-13,0.4131
2010-08-20,0.4362
2010-08-27,0.458
2010-09-03,0.2747
2010-09-10,0.0562
2010-09-17,0.004
2010-09-24,0.0837
2010-10-01,0.106
2010-10-08,0.0034
2010-10-15,-0.2013
2010-10-22,-0.0732
2010-10-29,-0.2299
2010-11-05,-0.1396
2010-11-12,-0.244
2010-11-19,0.0099
2010-11-26,0.0252
2010-12-03,-0.0164
2010-12-10,-0.2876
2010-12-17,-0.2005
2010-12-24,-0.2487
2010-12-31,-0.2455
2011-01-07,-0.3282
2011-01-14,-0.3117
2011-01-21,-0.3254
2011-01-28,-0.2701
2011-02-04,-0.3867
2011-02-11,-0.4612
2011-02-18,-0.3134
2011-02-25,-0.0959
2011-03-04,-0.239
2011-03-11,-0.2428
2011-03-18,0.078
2011-03-25,-0.3331
2011-04-01,-0.3501
2011-04-08,-0.4247
2011-04-15,-0.387
2011-04-22,-0.4087
2011-04-29,-0.5248
2011-05-06,-0.3413
2011-05-13,-0.359
2011-05-20,-0.3211
2011-05-27,-0.2838
2011-06-03,-0.2112
2011-06-10,-0.1445
2011-06-17,-0.136
2011-06-24,-0.1212
2011-07-01,-0.3969
2011-07-08,-0.3633
2011-07-15,-0.0195
2011-07-22,-0.2948
2011-07-29,-0.2714
2011-08-05,0.3385
2011-08-12,1.3178
2011-08-19,0.5282
2011-08-26,0.8687
2011-09-02,0.5118
2011-09-09,0.9064
2011-09-16,0.7719
2011-09-23,1.1029
2011-09-30,1.1447
2011-10-07,1.3793
2011-10-14,0.4721
2011-10-21,0.6676
2011-10-28,0.309
2011-11-04,0.858
2011-11-11,0.784
2011-11-18,1.027
2011-11-25,1.2368
2011-12-02,0.682
2011-12-09,0.6292
2011-12-16,0.8963
2011-12-23,0.6482
2011-12-30,0.6532
2012-01-06,0.5362
2012-01-13,0.5632
2012-01-20,0.4269
2012-01-27,0.318
2012-02-03,0.2868
2012-02-10,0.0912
2012-02-17,0.1966
2012-02-24,0.0616
2012-03-02,0.0414
2012-03-09,0.1642
2012-03-16,-0.2052
2012-03-23,-0.0814
2012-03-30,0.017
2012-04-06,0.0628
2012-04-13,0.2775
2012-04-20,0.0327
2012-04-27,-0.0101
2012-05-04,-0.0668
2012-05-11,0.1015
2012-05-18,0.447
2012-05-25,0.3586
2012-06-01,0.451
2012-06-08,0.4264
2012-06-15,0.2119
2012-06-22,0.0484
2012-06-29,0.1168
2012-07-06,0.0283
2012-07-13,0.1263
2012-07-20,-0.0318
2012-07-27,0.1044
2012-08-03,-0.1368
2012-08-10,-0.1766
2012-08-17,-0.1084
2012-08-24,-0.1635
2012-08-31,-0.0756
2012-09-07,-0.2025
2012-09-14,-0.4783
2012-09-21,-0.5296
2012-09-28,-0.2216
2012-10-05,-0.437
2012-10-12,-0.4699
2012-10-19,-0.6065
2012-10-26,-0.3508
2012-11-02,-0.3381
2012-11-09,-0.3136
2012-11-16,-0.2006
2012-11-23,-0.5374
2012-11-30,-0.4832
2012-12-07,-0.5263
2012-12-14,-0.5842
2012-12-21,-0.5677
2012-12-28,-0.3719
2013-01-04,-0.6333
2013-01-11,-0.6209
2013-01-18,-0.6381
2013-01-25,-0.6699
2013-02-01,-0.5717
2013-02-08,-0.5346
2013-02-15,-0.6707
2013-02-22,-0.6271
2013-03-01,-0.5156
2013-03-08,-0.7536
2013-03-15,-0.7893
2013-03-22,-0.5789
2013-03-29,-0.6307
2013-04-05,-0.5582
2013-04-12,-0.7282
2013-04-19,-0.4946
2013-04-26,-0.69
2013-05-03,-0.6695
2013-05-10,-0.7695
2013-05-17,-0.6155
2013-05-24,-0.5348
2013-05-31,-0.3684
2013-06-07,-0.0903
2013-06-14,-0.1504
2013-06-21,-0.1213
2013-06-28,0.0715
2013-07-05,-0.1531
2013-07-12,-0.3103
2013-07-19,-0.5174
2013-07-26,-0.4932
2013-08-02,-0.3663
2013-08-09,-0.4128
2013-08-16,-0.3747
2013-08-23,-0.1959
2013-08-30,-0.1731
2013-09-06,-0.2528
2013-09-13,-0.3307
2013-09-20,-0.4541
2013-09-27,-0.3489
2013-10-04,-0.2631
2013-10-11,-0.3968
2013-10-18,-0.5618
2013-10-25,-0.5834
2013-11-01,-0.5331
2013-11-08,-0.5146
2013-11-15,-0.5695
2013-11-22,-0.6487
2013-11-29,-0.5815
2013-12-06,-0.458
2013-12-13,-0.5074
2013-12-20,-0.5706
2013-12-27,-0.6813
2014-01-03,-0.5641
2014-01-10,-0.6432
2014-01-17,-0.6484
2014-01-24,-0.5323
2014-01-31,-0.341
2014-02-07,-0.3658
2014-02-14,-0.7002
2014-02-21,-0.5842
2014-02-28,-0.6654
2014-03-07,-0.6355
2014-03-14,-0.5699
2014-03-21,-0.6174
2014-03-28,-0.6399
2014-04-04,-0.6288
2014-04-11,-0.5302
2014-04-18,-0.6216
2014-04-25,-0.7282
2014-05-02,-0.6685
2014-05-09,-0.6729
2014-05-16,-0.7062
2014-05-23,-0.7123
2014-05-30,-0.7757
2014-06-06,-0.7846
2014-06-13,-0.8064
2014-06-20,-0.8168
2014-06-27,-0.8081
2014-07-04,-0.7776
2014-07-11,-0.7278
2014-07-18,-0.6712
2014-07-25,-0.6979
2014-08-01,-0.5704
2014-08-08,-0.4014
2014-08-15,-0.6748
2014-08-22,-0.7327
2014-08-29,-0.6713
2014-09-05,-0.6158
2014-09-12,-0.5205
2014-09-19,-0.5274
2014-09-26,-0.3627
2014-10-03,-0.3163
2014-10-10,-0.2982
2014-10-17,0.1494
2014-10-24,-0.4525
2014-10-31,-0.4771
2014-11-07,-0.4423
2014-11-14,-0.4322
2014-11-21,-0.3074
2014-11-28,-0.4091
2014-12-05,-0.2887
2014-12-12,-0.0118
2014-12-19,0.0827
2014-12-26,-0.4855
2015-01-02,-0.11
2015-01-09,0.1452
2015-01-16,0.1484
2015-01-23,-0.019
2015-01-30,0.0048
2015-02-06,-0.1733
2015-02-13,-0.2616
2015-02-20,-0.2459
2015-02-27,-0.2272
2015-03-06,-0.2679
2015-03-13,-0.1125
2015-03-20,-0.1388
2015-03-27,-0.2043
2015-04-03,-0.1876
2015-04-10,-0.3633
2015-04-17,-0.353
2015-04-24,-0.3993
2015-05-01,-0.3791
2015-05-08,-0.3217
2015-05-15,-0.2943
2015-05-22,-0.2934
2015-05-29,-0.1905
2015-06-05,-0.1929
2015-06-12,-0.2066
2015-06-19,-0.1614
2015-06-26,-0.3154
2015-07-03,0.072
2015-07-10,-0.0123
2015-07-17,-0.3395
2015-07-24,-0.1833
2015-07-31,-0.0927
2015-08-07,-0.1408
2015-08-14,-0.0474
2015-08-21,0.1774
2015-08-28,0.6738
2015-09-04,0.2889
2015-09-11,0.1822
2015-09-18,0.1967
2015-09-25,0.4249
2015-10-02,0.698
2015-10-09,0.077
2015-10-16,0.1542
2015-10-23,0.0314
2015-10-30,-0.0053
2015-11-06,-0.0805
2015-11-13,0.1327
2015-11-20,0.1046
2015-11-27,0.0494
2015-12-04,0.1284
2015-12-11,0.4609
2015-12-18,0.541
2015-12-25,0.3811
2016-01-01,0.3186
2016-01-08,0.7034
2016-01-15,0.8714
2016-01-22,0.9859
2016-01-29,0.5409
2016-02-05,0.7167
2016-02-12,1.2555
2016-02-19,0.5751
2016-02-26,0.5543
2016-03-04,0.2373
2016-03-11,0.2735
2016-03-18,0.1604
2016-03-25,0.1633
2016-04-01,0.3812
2016-04-08,0.3383
2016-04-15,0.0929
2016-04-22,-0.0216
2016-04-29,0.0693
2016-05-06,0.2704
2016-05-13,0.1802
2016-05-20,0.0771
2016-05-27,-0.0021
2016-06-03,0.1271
2016-06-10,0.1544
2016-06-17,0.5687
2016-06-24,0.2578
2016-07-01,0.5836
2016-07-08,0.2076
2016-07-15,-0.0996
2016-07-22,0.0939
2016-07-29,0.2372
2016-08-05,0.3579
2016-08-12,0.2132
2016-08-19,0.1939
2016-08-26,0.2715
2016-09-02,0.2845
2016-09-09,0.2957
2016-09-16,0.5023
2016-09-23,0.3329
2016-09-30,0.3123
2016-10-07,0.0907
2016-10-14,0.2257
2016-10-21,0.1828
2016-10-28,0.108
2016-11-04,0.4958
2016-11-11,-0.0102
2016-11-18,-0.0334
2016-11-25,-0.1154
2016-12-02,-0.0052
2016-12-09,-0.2554
2016-12-16,-0.1531
2016-12-23,-0.098
2016-12-30,-0.0544
2017-01-06,-0.0968
2017-01-13,-0.108
2017-01-20,-0.0863
2017-01-27,-0.1999
2017-02-03,-0.1355
2017-02-10,-0.1748
2017-02-17,-0.2985
2017-02-24,-0.2231
2017-03-03,-0.3937
2017-03-10,-0.4092
2017-03-17,-0.3672
2017-03-24,-0.2407
2017-03-31,-0.4112
2017-04-07,-0.3831
2017-04-14,-0.2558
2017-04-21,-0.254
2017-04-28,-0.5832
2017-05-05,-0.5044
2017-05-12,-0.6114
2017-05-19,-0.4749
2017-05-26,-0.6579
2017-06-02,-0.6258
2017-06-09,-0.7149
2017-06-16,-0.7111
2017-06-23,-0.4812
2017-06-30,-0.5612
2017-07-07,-0.5936
2017-07-14,-0.5691
2017-07-21,-0.69
2017-07-28,-0.7233
2017-08-04,-0.6247
2017-08-11,-0.4635
2017-08-18,-0.4414
2017-08-25,-0.4643
2017-09-01,-0.5123
2017-09-08,-0.4276
2017-09-15,-0.674
2017-09-22,-0.7148
2017-09-29,-0.6649
2017-10-06,-0.7098
2017-10-13,-0.6729
2017-10-20,-0.7409
2017-10-27,-0.7449
2017-11-03,-0.7073
2017-11-10,-0.6788
2017-11-17,-0.675
2017-11-24,-0.83
2017-12-01,-0.785
2017-12-08,-0.7145
2017-12-15,-0.6514
2017-12-22,-0.6128
2017-12-29,-0.511
2018-01-05,-0.6302
2018-01-12,-0.7104
2018-01-19,-0.6514
2018-01-26,-0.6626
2018-02-02,-0.5072
2018-02-09,0.0962
2018-02-16,-0.2648
2018-02-23,-0.3442
2018-03-02,-0.0752
2018-03-09,-0.0997
2018-03-16,-0.0285
2018-03-23,0.2515
2018-03-30,0.3342
2018-04-06,0.3325
2018-04-13,0.1325
2018-04-20,-0.0694
2018-04-27,-0.0333
2018-05-04,0.0014
2018-05-11,-0.2421
2018-05-18,-0.3021
2018-05-25,-0.2352
2018-06-01,0.0573
2018-06-08,-0.3952
2018-06-15,-0.345
2018-06-22,-0.2778
2018-06-29,-0.0655
2018-07-06,-0.1946
2018-07-13,-0.4239
2018-07-20,-0.4605
2018-07-27,-0.5441
2018-08-03,-0.4502
2018-08-10,-0.5563
2018-08-17,-0.4499
2018-08-24,-0.633
2018-08-31,-0.6775
2018-09-07,-0.6038
2018-09-14,-0.718
2018-09-21,-0.8173
2018-09-28,-0.754
2018-10-05,-0.79
2018-10-12,-0.4461
2018-10-19,-0.5086
2018-10-26,-0.2139
2018-11-02,-0.2274
2018-11-09,-0.4735
2018-11-16,-0.0268
2018-11-23,0.0522
2018-11-30,-0.147
2018-12-07,0.2029
2018-12-14,0.2615
2018-12-21,0.5401
2018-12-28,0.6682
2019-01-04,0.3113
2019-01-11,-0.181
2019-01-18,-0.149
2019-01-25,-0.1261
2019-02-01,-0.1465
2019-02-08,-0.2923
2019-02-15,-0.358
2019-02-22,-0.5242
2019-03-01,-0.5847
2019-03-08,-0.4669
2019-03-15,-0.5717
2019-03-22,-0.5827
2019-03-29,-0.3215
2019-04-05,-0.6735
2019-04-12,-0.6566
2019-04-19,-0.7748
2019-04-26,-0.6355
2019-05-03,-0.6748
2019-05-10,-0.3813
2019-05-17,-0.3569
2019-05-24,-0.4776
2019-05-31,-0.1856
2019-06-07,-0.2078
2019-06-14,-0.4325
2019-06-21,-0.3442
2019-06-28,-0.3391
2019-07-05,-0.5274
2019-07-12,-0.453
2019-07-19,-0.3642
2019-07-26,-0.4924
2019-08-02,-0.2668
2019-08-09,0.2435
2019-08-16,0.1961
2019-08-23,-0.0932
2019-08-30,-0.0531
2019-09-06,-0.099
2019-09-13,-0.349
2019-09-20,-0.1536
2019-09-27,0.1
2019-10-04,0.3634
2019-10-11,0.1359
2019-10-18,-0.1368
2019-10-25,-0.1337
2019-11-01,-0.0695
2019-11-08,-0.1013
2019-11-15,-0.1087
2019-11-22,-0.0571
2019-11-29,-0.1947
2019-12-06,-0.0975
2019-12-13,-0.2731
2019-12-20,-0.3718
2019-12-27,-0.1865
2020-01-03,-0.2329
2020-01-10,-0.359
2020-01-17,-0.5271
2020-01-24,-0.4153
2020-01-31,-0.127
2020-02-07,-0.4669
2020-02-14,-0.5747
2020-02-21,-0.4507
2020-02-28,0.6621
2020-03-06,1.3326
2020-03-13,3.5039
2020-03-20,5.6635
2020-03-27,5.3772
2020-04-03,3.163
2020-04-10,2.617
2020-04-17,1.8823
2020-04-24,2.4081
2020-05-01,1.2461
2020-05-08,0.9466
2020-05-15,0.9195
2020-05-22,0.4332
2020-05-29,0.205
2020-06-05,-0.0878
2020-06-12,0.2767
2020-06-19,0.4817
2020-06-26,0.5077
2020-07-03,0.4198
2020-07-10,0.1195
2020-07-17,0.0731
2020-07-24,-0.2189
2020-07-31,-0.0693
2020-08-07,-0.1987
2020-08-14,-0.2601
2020-08-21,-0.0607
2020-08-28,-0.2621
2020-09-04,-0.1121
2020-09-11,0.0597
2020-09-18,-0.1255
2020-09-25,0.2586
2020-10-02,-0.0694
2020-10-09,-0.2304
2020-10-16,-0.0843
2020-10-23,0.0164
2020-10-30,0.3936
2020-11-06,-0.0687
2020-11-13,-0.4756
2020-11-20,-0.156
2020-11-27,-0.3923
2020-12-04,-0.4394
2020-12-11,-0.4145
2020-12-18,-0.3716
2020-12-25,-0.4126
2021-01-01,-0.47
2021-01-08,-0.4798
2021-01-15,-0.5232
2021-01-22,-0.5103
2021-01-29,-0.2616
2021-02-05,-0.5705
2021-02-12,-0.7565
2021-02-19,-0.6467
2021-02-26,-0.4381
2021-03-05,-0.3999
2021-03-12,-0.4925
2021-03-19,-0.5389
2021-03-26,-0.6184
2021-04-02,-0.7108
2021-04-09,-0.8101
2021-04-16,-0.7622
2021-04-23,-0.7121
2021-04-30,-0.7996
2021-05-07,-0.8004
2021-05-14,-0.7418
2021-05-21,-0.708
2021-05-28,-0.8069
2021-06-04,-0.8431
2021-06-11,-0.7895
2021-06-18,-0.7683
2021-06-25,-0.7987
2021-07-02,-0.8394
2021-07-09,-0.7073
2021-07-16,-0.797
2021-07-23,-0.5644
2021-07-30,-0.7605
2021-08-06,-0.6723
2021-08-13,-0.8571
2021-08-20,-0.6155
2021-08-27,-0.7637
2021-09-03,-0.7573
2021-09-10,-0.7082
2021-09-17,-0.6753
2021-09-24,-0.5406
2021-10-01,-0.6269
2021-10-08,-0.6342
2021-10-15,-0.7277
2021-10-22,-0.9018
2021-10-29,-0.8088
2021-11-05,-0.6797
2021-11-12,-0.7858
2021-11-19,-0.6856
2021-11-26,-0.4853
2021-12-03,-0.1672
2021-12-10,-0.7038
2021-12-17,-0.4967
2021-12-24,-0.5786
2021-12-31,-0.7677
2022-01-07,-0.6984
2022-01-14,-0.659
2022-01-21,-0.3817
2022-01-28,-0.2
2022-02-04,-0.5115
2022-02-11,-0.5838
2022-02-18,-0.1634
2022-02-25,-0.0045
2022-03-04,0.2958
2022-03-11,0.1519
2022-03-18,-0.3062
2022-03-25,-0.6093
2022-04-01,-0.4745
2022-04-08,-0.3683
2022-04-15,-0.2785
2022-04-22,-0.3842
2022-04-29,0.1824
2022-05-06,0.2118
2022-05-13,0.5613
2022-05-20,0.3062
2022-05-27,0.2803
2022-06-03,-0.1614
2022-06-10,-0.0468
2022-06-17,0.0348
2022-06-24,0.377
2022-07-01,0.6124
2022-07-08,0.4266
2022-07-15,0.0665
2022-07-22,-0.2732
2022-07-29,-0.1936
2022-08-05,-0.4828
2022-08-12,-0.4033
2022-08-19,-0.3679
2022-08-26,-0.2039
2022-09-02,-0.1353
2022-09-09,-0.3095
2022-09-16,-0.437
2022-09-23,0.1338
2022-09-30,0.5225
2022-10-07,0.1667
2022-10-14,0.2894
2022-10-21,-0.1472
2022-10-28,-0.2933
2022-11-04,-0.3869
2022-11-11,-0.3225
2022-11-18,-0.2252
2022-11-25,-0.2278
2022-12-02,-0.1172
2022-12-09,0.122
2022-12-16,0.0079
2022-12-23,0.0265
2022-12-30,-0.0383
2023-01-06,-0.1651
2023-01-13,-0.423
2023-01-20,-0.3908
2023-01-27,-0.511
2023-02-03,-0.5509
2023-02-10,-0.6103
2023-02-17,-0.4691
2023-02-24,-0.2309
2023-03-03,-0.4473
2023-03-10,-0.0888
2023-03-17,1.101
2023-03-24,0.2685
2023-03-31,-0.2719
2023-04-07,-0.095
2023-04-14,-0.4843
2023-04-21,-0.6583
2023-04-28,-0.2917
2023-05-05,-0.3311
2023-05-12,-0.5114
2023-05-19,-0.4448
2023-05-26,-0.3224
2023-06-02,-0.4709
2023-06-09,-0.6974
2023-06-16,-0.6117
2023-06-23,-0.5882
2023-06-30,-0.6966
2023-07-07,-0.7498
2023-07-14,-0.6935
2023-07-21,-0.7373
2023-07-28,-0.7592
2023-08-04,-0.7171
2023-08-11,-0.6589
2023-08-18,-0.6206
2023-08-25,-0.6795
2023-09-01,-0.6921
2023-09-08,-0.7146
2023-09-15,-0.7123
2023-09-22,-0.7178
2023-09-29,-0.4974
2023-10-06,-0.4259
2023-10-13,-0.5394
2023-10-20,-0.327
2023-10-27,-0.3466
2023-11-03,-0.6061
2023-11-10,-0.7309
2023-11-17,-0.6225
2023-11-24,-0.7338
2023-12-01,-0.5329
2023-12-08,-0.5001
2023-12-15,-0.6091
2023-12-22,-0.4369
2023-12-29,-0.4177
2024-01-05,-0.556
2024-01-12,-0.7095
2024-01-19,-0.8072
2024-01-26,-0.8325
2024-02-02,-0.7556
2024-02-09,-0.5989
2024-02-16,-0.6437
2024-02-23,-0.6721
2024-03-01,-0.7908
2024-03-08,-0.7915
2024-03-15,-0.9233
2024-03-22,-0.9419
2024-03-29,-0.9336
2024-04-05,-0.8438
2024-04-12,-0.7943
2024-04-19,-0.4158
2024-04-26,-0.8403
2024-05-03,-0.8293
2024-05-10,-0.9219
2024-05-17,-0.9093
2024-05-24,-0.9597
2024-05-31,-0.8498
2024-06-07,-0.8425
2024-06-14,-0.8695
2024-06-21,-0.8304
2024-06-28,-0.8354
2024-07-05,-0.8271
2024-07-12,-0.831
2024-07-19,-0.6633
2024-07-26,-0.6213
2024-08-02,-0.3392
2024-08-09,-0.1617
2024-08-16,-0.7375
2024-08-23,-0.6475
2024-08-30,-0.6492
2024-09-06,-0.39
2024-09-13,-0.3153
2024-09-20,-0.4432
2024-09-27,-0.2692
2024-10-04,-0.6097
2024-10-11,-0.5873
2024-10-18,-0.5332
2024-10-25,-0.3834
2024-11-01,-0.2937
2024-11-08,-0.5637
2024-11-15,-0.7991
2024-11-22,-0.6115
2024-11-29,-0.6179
2024-12-06,-0.5285
2024-12-13,-0.5785
2024-12-20,-0.4953
2024-12-27,-0.622
2025-01-03,-0.6196
2025-01-10,-0.7993
2025-01-17,-0.8247
2025-01-24,-0.9739
2025-01-31,-0.761
2025-02-07,-0.7826
2025-02-14,-0.828
2025-02-21,-0.7594
2025-02-28,-0.4534
2025-03-07,-0.3526
2025-03-14,-0.2118
2025-03-21,-0.6421
2025-03-28,-0.6216
2025-04-04,0.1021
2025-04-11,0.5879
2025-04-18,-0.1991
2025-04-25,-0.2652
2025-05-02,-0.3409
2025-05-09,-0.4661
2025-05-16,-0.8959
2025-05-23,-0.4987
2025-05-30,-0.5358
2025-06-06,-0.8056
2025-06-13,-0.7829
2025-06-20,-0.6514
2025-06-27,-0.7036
2025-07-04,-0.8786
2025-07-11,-0.7509
2025-07-18,-0.7161
2025-07-25,-0.8007
2025-08-01,-0.6817
2025-08-08,-0.5715
2025-08-15,-0.8202
2025-08-22,-0.7542
2025-08-29,-0.6088
2025-09-05,-0.4238
2025-09-12,-0.5677
2025-09-19,-0.5946
2025-09-26,-0.5384
2025-10-03,-0.4975
2025-10-10,-0.4868
2025-10-17,-0.3698
2025-10-24,-0.5115
2025-10-31,-0.4615
2025-11-07,-0.3118
2025-11-14,-0.5081
2025-11-21,-0.1327
2025-11-28,-0.3953
2025-12-05,-0.4245
2025-12-12,-0.358
2025-12-19,-0.3382
2025-12-26,-0.579
2026-01-02,-0.5626
2026-01-09,-0.6615
2026-01-16,-0.6487
2026-01-23,-0.7104
2026-01-30,-0.6764
2026-02-06,-0.654
2026-02-13,-0.6183
2026-02-20,-0.4863
2026-02-27,-0.4413
2026-03-06,-0.4276
2026-03-13,-0.2979
2026-03-20,-0.366
2026-03-27,-0.1806
2026-04-03,-0.239
2026-04-10,-0.646
2026-04-17,-0.7568
2026-04-24,-0.6776
2026-05-01,-0.67
2026-05-08,-0.7621
